File Name,Sample Name,Test Name,Markers,Dye,Allele1,Allele2,Allele3,Allele4,Index,Unnamed: 10,Unnamed: 11,Unnamed: 12,Unnamed: 13
2-89-25422$KP-2_A12.fsa,2-89-25422$KP-2,GenePrint_10_v1.1,AMEL,Y,X,,,,,,,,
2-89-25422$KP-2_A12.fsa,2-89-25422$KP-2,GenePrint_10_v1.1,CSF1PO,G,11,12,,,,,,,
2-89-25422$KP-2_A12.fsa,2-89-25422$KP-2,GenePrint_10_v1.1,D13S317,G,12,,,,,,,,
2-89-25422$KP-2_A12.fsa,2-89-25422$KP-2,GenePrint_10_v1.1,D16S539,G,9,14,,,,,,,
2-89-25422$KP-2_A12.fsa,2-89-25422$KP-2,GenePrint_10_v1.1,D21S11,B,28,31.2,,,,,,,
2-89-25422$KP-2_A12.fsa,2-89-25422$KP-2,GenePrint_10_v1.1,D5S818,G,8,9,,,,,,,
2-89-25422$KP-2_A12.fsa,2-89-25422$KP-2,GenePrint_10_v1.1,D7S820,G,11,,,,,,,,
2-89-25422$KP-2_A12.fsa,2-89-25422$KP-2,GenePrint_10_v1.1,TH01,B,7,9.3,,,,,,,
2-89-25422$KP-2_A12.fsa,2-89-25422$KP-2,GenePrint_10_v1.1,TPOX,Y,11,,,,,,,,
2-89-25422$KP-2_A12.fsa,2-89-25422$KP-2,GenePrint_10_v1.1,vWA,Y,14,16,19,,,,,,
